SampleID,Season,Species_Scel,Sex,SeqDepth ,Weight,SVL,TL,Tb ,Ta ,Ts ,Elevation,Location,Date,BarcodeSequence,LinkerPrimerSequence
Sg.F.D.1,Dry,Sceloporus grammicus,Female,2300,5.1,54,84,27.6,21.2,21.5,2662,Low_zone,5_Feb_2020,TAAGGCGATAGATCGC,CCTACGGGNGGCWGCAG
Sg.F.D.2,Dry,Sceloporus grammicus,Female,12852,6.7,62,110,30.8,20.1,24.3,2712,Low_zone,5_Feb_2020,TAAGGCGACTCTCTAT,CCTACGGGNGGCWGCAG
Sg.M.D.3,Dry,Sceloporus grammicus,Male,11022,6,60,111,27.8,20.6,25.1,2661,Low_zone,5_Feb_2020,TAAGGCGATATCCTCT,CCTACGGGNGGCWGCAG
Sg.M.D.4,Dry,Sceloporus grammicus,Male,20202,7.9,62,123,25.8,20.6,25.1,2661,Low_zone,6_Feb_2020,TAAGGCGAAGAGTAGA,CCTACGGGNGGCWGCAG
Sg.F.D.5,Dry,Sceloporus grammicus,Female,5674,4.2,64,99,25.2,20.6,25.1,2661,Low_zone,6_Feb_2020,TAAGGCGAGTAAGGAG,CCTACGGGNGGCWGCAG
Sg.F.D.6,Dry,Sceloporus grammicus,Female,7613,4.8,65,131,29.8,15.7,20.5,2661,Low_zone,6_Feb_2020,TAAGGCGAACTGCATA,CCTACGGGNGGCWGCAG
Sg.F.D.7,Dry,Sceloporus grammicus,Female,8343,5.2,65,122,29.2,15.7,20.5,2661,Low_zone,6_Feb_2020,TAAGGCGAAAGGAGTA,CCTACGGGNGGCWGCAG
Sg.F.D.8,Dry,Sceloporus grammicus,Female,36014,5,68,148,27.7,15.7,20.5,2661,Low_zone,5_Feb_2020,TAAGGCGACTAAGCCT,CCTACGGGNGGCWGCAG
Sg.F.D.9,Dry,Sceloporus grammicus,Female,8843,7.9,60,89,28.3,15.7,20.5,2661,Low_zone,6_Feb_2020,CGTACTAGTAGATCGC,CCTACGGGNGGCWGCAG
Sg.M.D.10,Dry,Sceloporus grammicus,Male,9388,3.9,69,117,29,15.7,20.5,2661,Low_zone,6_Feb_2020,CGTACTAGCTCTCTAT,CCTACGGGNGGCWGCAG
Sg.F.D.11,Dry,Sceloporus grammicus,Female,17679,7.1,65,145,NA,NA,NA,2661,Low_zone,6_Feb_2020,CGTACTAGTATCCTCT,CCTACGGGNGGCWGCAG
Sg.M.D.12,Dry,Sceloporus grammicus,Male,10466,4.9,57,86,NA,NA,NA,2661,Low_zone,7_Feb_2020,CGTACTAGAGAGTAGA,CCTACGGGNGGCWGCAG
Sg.M.D.13,Dry,Sceloporus grammicus,Male,7153,3.1,47,85,NA,NA,NA,2661,Low_zone,7_Feb_2020,CGTACTAGGTAAGGAG,CCTACGGGNGGCWGCAG
Sg.M.D.14,Dry,Sceloporus grammicus,Male,5521,4.4,51,119,NA,NA,NA,2661,Low_zone,7_Feb_2020,CGTACTAGACTGCATA,CCTACGGGNGGCWGCAG
Sg.M.D.15,Dry,Sceloporus grammicus,Male,4563,3.9,52,109,NA,NA,NA,4029,High_zone,7_Feb_2020,CGTACTAGAAGGAGTA,CCTACGGGNGGCWGCAG
Ss.M.D.16,Dry,Sceloporus spinosus,Male,4904,29.7,84,198,NA,NA,NA,2662,Low_zone,5_Feb_2020,CGTACTAGCTAAGCCT,CCTACGGGNGGCWGCAG
Ss.M.D.17,Dry,Sceloporus spinosus,Male,6864,6.2,66,129,NA,NA,NA,2662,Low_zone,5_Feb_2020,AGGCAGAATAGATCGC,CCTACGGGNGGCWGCAG
Ss.M.D.18,Dry,Sceloporus spinosus,Male,8138,36.8,94,126,22.3,17.7,21,2662,Low_zone,5_Feb_2020,AGGCAGAACTCTCTAT,CCTACGGGNGGCWGCAG
Ss.F.D.19,Dry,Sceloporus spinosus,Female,16610,9.1,69,136,NA,18.8,19.4,2662,Low_zone,5_Feb_2020,AGGCAGAATATCCTCT,CCTACGGGNGGCWGCAG
Ss.M.D.20,Dry,Sceloporus spinosus,Male,9173,8.2,64,142,33.1,20.1,24.3,2661,Low_zone,6_Feb_2020,AGGCAGAAAGAGTAGA,CCTACGGGNGGCWGCAG
Ss.F.D.21,Dry,Sceloporus spinosus,Female,10558,12.2,65,152,34.3,23.1,25.5,2636,Low_zone,6_Feb_2020,AGGCAGAAGTAAGGAG,CCTACGGGNGGCWGCAG
Ss.M.D.22,Dry,Sceloporus spinosus,Male,3794,35.1,94,179,NA,NA,NA,2662,Low_zone,6_Feb_2020,AGGCAGAAACTGCATA,CCTACGGGNGGCWGCAG
Ss.M.D.23,Dry,Sceloporus spinosus,Male,1097,41,92,227,NA,NA,NA,2585,Low_zone,6_Feb_2020,AGGCAGAAAAGGAGTA,CCTACGGGNGGCWGCAG
Ss.M.D.24,Dry,Sceloporus spinosus,Male,10236,49.6,100,200,NA,NA,NA,2585,Low_zone,6_Feb_2020,AGGCAGAACTAAGCCT,CCTACGGGNGGCWGCAG
Ss.F.D.25,Dry,Sceloporus spinosus,Female,7344,29.4,69,159,32.1,20.9,24.3,2645,Low_zone,6_Feb_2020,TCCTGAGCTAGATCGC,CCTACGGGNGGCWGCAG
Ss.M.D.26,Dry,Sceloporus spinosus,Male,8371,33.3,87,201,32.6,20.9,24.3,2645,Low_zone,6_Feb_2020,TCCTGAGCCTCTCTAT,CCTACGGGNGGCWGCAG
Sa.M.D.27,Dry,Sceloporus aeneus,Male,2666,5.5,56,109,NA,NA,NA,2712,Low_zone,4_Feb_2020,TAAGGCGATAGATCGC,CCTACGGGNGGCWGCAG
Sa.F.D.28,Dry,Sceloporus aeneus,Female,9599,1.4,36,61,NA,19,20.9,2712,Low_zone,4_Feb_2020,TAAGGCGACTCTCTAT,CCTACGGGNGGCWGCAG
Sa.M.D.29,Dry,Sceloporus aeneus,Male,3654,2.2,39,77,NA,19,20.9,2712,Low_zone,4_Feb_2020,TAAGGCGATATCCTCT,CCTACGGGNGGCWGCAG
Sa.F.D.30,Dry,Sceloporus aeneus,Female,9244,2.4,44,78,NA,17.5,16.9,2712,Low_zone,4_Feb_2020,TAAGGCGAAGAGTAGA,CCTACGGGNGGCWGCAG
Sa.M.D.31,Dry,Sceloporus aeneus,Male,4488,2.4,44,74,NA,19,19.7,2712,Low_zone,4_Feb_2020,TAAGGCGAGTAAGGAG,CCTACGGGNGGCWGCAG
Sa.M.D.32,Dry,Sceloporus aeneus,Male,5406,3.1,46,100,NA,18.5,22.1,2712,Low_zone,4_Feb_2020,TAAGGCGAACTGCATA,CCTACGGGNGGCWGCAG
Sa.F.D.33,Dry,Sceloporus aeneus,Female,3829,2.3,41,86,NA,21.9,19,2712,Low_zone,4_Feb_2020,TAAGGCGAAAGGAGTA,CCTACGGGNGGCWGCAG
Sa.F.D.35,Dry,Sceloporus aeneus,Female,7077,2.5,42,92,NA,20.5,20.8,2712,Low_zone,4_Feb_2020,CGTACTAGTAGATCGC,CCTACGGGNGGCWGCAG
Sa.M.D.36,Dry,Sceloporus aeneus,Male,14503,3,46,98,NA,18.5,22.1,2712,Low_zone,4_Feb_2020,CGTACTAGCTCTCTAT,CCTACGGGNGGCWGCAG
Sb.F.D.37,Dry,Sceloporus bicanthalis,Female,1696,1.9,43,82,25.6,14.6,13.4,4029,High_zone,7_Feb_2020,CGTACTAGTATCCTCT,CCTACGGGNGGCWGCAG
Sb.M.D.38,Dry,Sceloporus bicanthalis,Male,7196,1.8,37,91,30.6,15,23.8,4029,High_zone,7_Feb_2020,CGTACTAGAGAGTAGA,CCTACGGGNGGCWGCAG
Sb.F.D.39,Dry,Sceloporus bicanthalis,Female,8204,2,38,87,31.1,15,23.8,4029,High_zone,7_Feb_2020,CGTACTAGGTAAGGAG,CCTACGGGNGGCWGCAG
Sb.M.D.41,Dry,Sceloporus bicanthalis,Male,1300,2.1,40,92,31.8,19.4,24.6,4029,High_zone,7_Feb_2020,CGTACTAGAAGGAGTA,CCTACGGGNGGCWGCAG
Sb.M.D.42,Dry,Sceloporus bicanthalis,Male,5339,2.6,43,88,27.3,17.8,26.4,4029,High_zone,7_Feb_2020,CGTACTAGCTAAGCCT,CCTACGGGNGGCWGCAG
Sb.M.D.43,Dry,Sceloporus bicanthalis,Male,5136,1.5,35,66,NA,NA,NA,4029,High_zone,7_Feb_2020,AGGCAGAATAGATCGC,CCTACGGGNGGCWGCAG
Sb.F.D.44,Dry,Sceloporus bicanthalis,Female,9575,1.2,33,74,NA,NA,NA,4029,High_zone,7_Feb_2020,AGGCAGAACTCTCTAT,CCTACGGGNGGCWGCAG
Sb.F.D.45,Dry,Sceloporus bicanthalis,Female,6259,1.8,39,84,NA,NA,NA,4029,High_zone,7_Feb_2020,AGGCAGAATATCCTCT,CCTACGGGNGGCWGCAG
Sb.M.D.46,Dry,Sceloporus bicanthalis,Male,2715,2.4,32,98,NA,NA,NA,4029,High_zone,7_Feb_2020,AGGCAGAAAGAGTAGA,CCTACGGGNGGCWGCAG
Ss.M.R.52,Rainy,Sceloporus spinosus,Male,14582,14,66,128,31.8,21.4,32.2,2648,Low_zone,24_Oct_2020,TAAGGCGACTCTCTAT,CCTACGGGNGGCWGCAG
Ss.F.R.53,Rainy,Sceloporus spinosus,Female,7892,44.5,97,192,31.8,21.1,20.4,2648,Low_zone,24_Oct_2020,TAAGGCGATATCCTCT,CCTACGGGNGGCWGCAG
Ss.M.R.54,Rainy,Sceloporus spinosus,Male,48890,24.9,81,199,26.8,23.1,20.5,2587,Low_zone,24_Oct_2020,TAAGGCGAAGAGTAGA,CCTACGGGNGGCWGCAG
Ss.M.R.55,Rainy,Sceloporus spinosus,Male,11924,37.8,94,214,28.1,19.7,19.9,2587,Low_zone,24_Oct_2020,TAAGGCGAGTAAGGAG,CCTACGGGNGGCWGCAG
Ss.F.R.56,Rainy,Sceloporus spinosus,Female,31933,17,64,126,32,21,24.9,2660,Low_zone,24_Oct_2020,TAAGGCGAACTGCATA,CCTACGGGNGGCWGCAG
Ss.F.R.57,Rainy,Sceloporus spinosus,Female,11901,24.9,83,150,NA,25.6,26.3,2660,Low_zone,24_Oct_2020,TAAGGCGAAAGGAGTA,CCTACGGGNGGCWGCAG
Ss.F.R.58,Rainy,Sceloporus spinosus,Female,17579,38.6,98,212,33.8,21.1,26.7,2660,Low_zone,24_Oct_2020,TAAGGCGACTAAGCCT,CCTACGGGNGGCWGCAG
Ss.M.R.59,Rainy,Sceloporus spinosus,Male,9841,18,67,128,33,20.1,25.4,2636,Low_zone,25_Oct_2020,CGTACTAGTAGATCGC,CCTACGGGNGGCWGCAG
Ss.M.R.60,Rainy,Sceloporus spinosus,Male,14135,35,92,212,33.5,24.5,28.3,2636,Low_zone,25_Oct_2020,CGTACTAGCTCTCTAT,CCTACGGGNGGCWGCAG
Ss.M.R.61,Rainy,Sceloporus spinosus,Female,38009,36.6,89,208,30.6,21.8,25,2587,Low_zone,25_Oct_2020,CGTACTAGTATCCTCT,CCTACGGGNGGCWGCAG
Sg.M.R.62,Rainy,Sceloporus grammicus,Male,15504,5.1,58,108,17.4,15.3,20.5,2712,Low_zone,23_Oct_2020,CGTACTAGAGAGTAGA,CCTACGGGNGGCWGCAG
Sg.M.R.63,Rainy,Sceloporus grammicus,Male,12196,5.8,57,120,NA,15.3,20.9,2712,Low_zone,23_Oct_2020,CGTACTAGGTAAGGAG,CCTACGGGNGGCWGCAG
Sg.M.R.64,Rainy,Sceloporus grammicus,Male,18541,5.9,57,113,29,17.9,18,2712,Low_zone,23_Oct_2020,CGTACTAGACTGCATA,CCTACGGGNGGCWGCAG
Sg.M.R.65,Rainy,Sceloporus grammicus,Male,9225,9.9,56,134,29,15.9,17.4,2712,Low_zone,23_Oct_2020,CGTACTAGAAGGAGTA,CCTACGGGNGGCWGCAG
Sg.M.R.66,Rainy,Sceloporus grammicus,Male,10096,6.3,62,127,28.1,19.7,19.9,2712,Low_zone,23_Oct_2020,CGTACTAGCTAAGCCT,CCTACGGGNGGCWGCAG
Sg.F.R.67,Rainy,Sceloporus grammicus,Female,2265,6.6,59,109,NA,NA,NA,2662,Low_zone,23_Oct_2020,AGGCAGAATAGATCGC,CCTACGGGNGGCWGCAG
Sg.F.R.68,Rainy,Sceloporus grammicus,Female,22478,10.9,72,115,29,23,28,2662,Low_zone,23_Oct_2020,AGGCAGAACTCTCTAT,CCTACGGGNGGCWGCAG
Sg.F.R.69,Rainy,Sceloporus grammicus,Female,29062,12.2,74,140,31,22,29,2662,Low_zone,23_Oct_2020,AGGCAGAATATCCTCT,CCTACGGGNGGCWGCAG
Sg.M.R.70,Rainy,Sceloporus grammicus,Male,10860,10,54,116,28,21,30,2662,Low_zone,23_Oct_2020,AGGCAGAAAGAGTAGA,CCTACGGGNGGCWGCAG
Sg.M.R.71,Rainy,Sceloporus grammicus,Male,4267,5.5,54,117,27,22,28,2662,Low_zone,23_Oct_2020,AGGCAGAAGTAAGGAG,CCTACGGGNGGCWGCAG
Sg.F.R.72,Rainy,Sceloporus grammicus,Female,1028,6.2,56,120,27,22,28,2662,Low_zone,23_Oct_2020,AGGCAGAAACTGCATA,CCTACGGGNGGCWGCAG
Sg.M.R.74,Rainy,Sceloporus grammicus,Male,49333,3.8,50,112,28.9,20.1,22.8,2712,Low_zone,25_Oct_2020,AGGCAGAACTAAGCCT,CCTACGGGNGGCWGCAG
Sg.M.R.75,Rainy,Sceloporus grammicus,Male,7115,5.4,55,84,31.8,20.4,23.1,2712,Low_zone,25_Oct_2020,TCCTGAGCTAGATCGC,CCTACGGGNGGCWGCAG
Sa.F.R.72,Rainy,Sceloporus aeneus,Female,2918,4.7,54,112,29.5,21.5,20.8,2712,Low_zone,25_Oct_2020,TAAGGCGATAGATCGC,CCTACGGGNGGCWGCAG
Sa.F.R.73,Rainy,Sceloporus aeneus,Female,21280,3.2,49,101,26.5,21.6,21.2,2712,Low_zone,25_Oct_2020,TAAGGCGACTCTCTAT,CCTACGGGNGGCWGCAG
Sa.M.R.74,Rainy,Sceloporus aeneus,Male,18298,2.5,35,78,NA,23,23.6,2712,Low_zone,25_Oct_2020,TAAGGCGATATCCTCT,CCTACGGGNGGCWGCAG
Sa.M.R.75,Rainy,Sceloporus aeneus,Male,37557,4.8,54,94,NA,23,23.6,2712,Low_zone,25_Oct_2020,TAAGGCGAAGAGTAGA,CCTACGGGNGGCWGCAG
Sa.F.R.76,Rainy,Sceloporus aeneus,Female,10409,2.5,38,78,NA,23,23.6,2712,Low_zone,25_Oct_2020,TAAGGCGAGTAAGGAG,CCTACGGGNGGCWGCAG
Sa.M.R.77,Rainy,Sceloporus aeneus,Male,76778,2.4,36,81,NA,23,23.6,2712,Low_zone,25_Oct_2020,TAAGGCGAACTGCATA,CCTACGGGNGGCWGCAG
Sa.M.R.78,Rainy,Sceloporus aeneus,Male,1035,3.7,51,86,NA,23,23.6,2712,Low_zone,25_Oct_2020,TAAGGCGAAAGGAGTA,CCTACGGGNGGCWGCAG
Sa.M.R.79,Rainy,Sceloporus aeneus,Male,14398,2.4,40,87,NA,23,23.6,2712,Low_zone,25_Oct_2020,TAAGGCGACTAAGCCT,CCTACGGGNGGCWGCAG
Sa.F.R.80,Rainy,Sceloporus aeneus,Female,14147,1.7,38,81,NA,23,23.6,2712,Low_zone,25_Oct_2020,CGTACTAGTAGATCGC,CCTACGGGNGGCWGCAG
Sa.M.R.81,Rainy,Sceloporus aeneus,Male,6631,2.3,43,90,NA,23,23.6,2712,Low_zone,25_Oct_2020,CGTACTAGCTCTCTAT,CCTACGGGNGGCWGCAG
Sa.F.R.82,Rainy,Sceloporus aeneus,Female,18736,6.1,55,82,NA,23,23.6,2712,Low_zone,25_Oct_2020,CGTACTAGTATCCTCT,CCTACGGGNGGCWGCAG
Sa.F.R.83,Rainy,Sceloporus aeneus,Female,19580,1.4,35,78,NA,23,23.6,2712,Low_zone,25_Oct_2020,CGTACTAGAGAGTAGA,CCTACGGGNGGCWGCAG
Sa.F.R.84,Rainy,Sceloporus aeneus,Female,6908,4.9,51,99,NA,23,23.6,2712,Low_zone,25_Oct_2020,CGTACTAGGTAAGGAG,CCTACGGGNGGCWGCAG
Sb.M.R.85,Rainy,Sceloporus bicanthalis,Male,21341,3.6,40,124,23.2,19.2,18.3,4150,High_zone,27_Oct_2020,CGTACTAGACTGCATA,CCTACGGGNGGCWGCAG
Sb.M.R.86,Rainy,Sceloporus bicanthalis,Male,13556,1.4,36,81,26.7,19.2,18.3,4029,High_zone,27_Oct_2020,CGTACTAGAAGGAGTA,CCTACGGGNGGCWGCAG
Sb.M.R.87,Rainy,Sceloporus bicanthalis,Male,27596,2.9,48,79,30.2,15,17.6,4029,High_zone,27_Oct_2020,CGTACTAGCTAAGCCT,CCTACGGGNGGCWGCAG
Sb.F.R.88,Rainy,Sceloporus bicanthalis,Female,17720,1.2,34,72,24.6,16.2,17.9,4029,High_zone,27_Oct_2020,AGGCAGAATAGATCGC,CCTACGGGNGGCWGCAG
Sb.F.R.89,Rainy,Sceloporus bicanthalis,Female,55826,2.7,42,81,22.3,9.8,10.8,4087,High_zone,27_Oct_2020,AGGCAGAACTCTCTAT,CCTACGGGNGGCWGCAG
Sb.F.R.90,Rainy,Sceloporus bicanthalis,Female,32188,2.1,36,84,24.6,12.1,8.6,4029,High_zone,27_Oct_2020,AGGCAGAATATCCTCT,CCTACGGGNGGCWGCAG
Sb.M.R.91,Rainy,Sceloporus bicanthalis,Male,25566,1.1,36,62,25.2,15,14.6,4029,High_zone,27_Oct_2020,AGGCAGAAAGAGTAGA,CCTACGGGNGGCWGCAG
Sb.F.R.92,Rainy,Sceloporus bicanthalis,Female,23459,1,29,62,22.5,13.5,12.6,4029,High_zone,27_Oct_2020,AGGCAGAAGTAAGGAG,CCTACGGGNGGCWGCAG
Sb.M.R.93,Rainy,Sceloporus bicanthalis,Male,33949,1.2,34,72,24.3,12.2,11.6,4118,High_zone,27_Oct_2020,AGGCAGAAACTGCATA,CCTACGGGNGGCWGCAG
Sb.M.R.94,Rainy,Sceloporus bicanthalis,Male,18048,1.2,31,71,21.3,10.1,10.6,4029,High_zone,27_Oct_2020,AGGCAGAAAAGGAGTA,CCTACGGGNGGCWGCAG
Sb.M.R.95,Rainy,Sceloporus bicanthalis,Male,22816,2.9,45,111,26.8,16.2,15.9,4029,High_zone,27_Oct_2020,AGGCAGAACTAAGCCT,CCTACGGGNGGCWGCAG
Sb.F.R.96,Rainy,Sceloporus bicanthalis,Female,5993,4.1,52,91,22.8,14.6,14.9,4029,High_zone,27_Oct_2020,TCCTGAGCTAGATCGC,CCTACGGGNGGCWGCAG
Sb.F.R.97,Rainy,Sceloporus bicanthalis,Female,27555,3.3,46,96,22,12.5,15.3,4029,High_zone,27_Oct_2020,TCCTGAGCCTCTCTAT,CCTACGGGNGGCWGCAG
Sb.M.R.98,Rainy,Sceloporus bicanthalis,Male,24455,1.4,36,77,22.6,13.6,13.3,4029,High_zone,27_Oct_2020,TCCTGAGCTATCCTCT,CCTACGGGNGGCWGCAG
Sb.F.R.99,Rainy,Sceloporus bicanthalis,Female,43871,1.9,38,85,23.1,13.6,13.3,4029,High_zone,27_Oct_2020,TCCTGAGCAGAGTAGA,CCTACGGGNGGCWGCAG